n,rank,effective_exponent,comparison_rank,comparison_exponent,scope,improves_comparison
14,1593,2.793942453302064,1594,2.794180246332579,finite closure,True
16,2236,2.7816761182107976,2237,2.78183738526478,finite closure,True
32,14196,2.758639371812189,14197,2.7586596964702594,finite closure,True
432,20605251,2.775193707049003,19674648,2.767578050873487,finite closure,False
685,70153048,2.766890937896641,70723205,2.768130631921184,finite closure,True
686,70153048,2.7662729028365196,71458900,2.7690969036746944,finite closure,True
1024,198683936,2.756589999157575,201554809,2.7586596964702594,finite closure,True
1370,458311287,2.7612152142572275,460871922,2.7619866241318127,finite closure,True
1372,458311287,2.760657625964226,464684980,2.762569454179412,finite closure,True
1458,485258526,2.745461088230323,554847154,2.763856994870751,finite closure,True
2000,1090653050,2.7378383807698206,1305529800,2.7614977147872426,finite closure,True
2025,1353908097,2.76177113028175,1359804079,2.7623418839040395,finite closure,True
2048,1303338368,2.752687684890559,1407704788,2.762790697256346,finite closure,True
2662,2288813615,2.7325669823451113,2950378344,2.764759854071582,finite closure,True
2916,3236239494,2.7447687916344705,3791357476,2.7646124561460765,finite closure,True
3456,4534212456,2.7289248697584796,6068036513,2.764686826198741,finite closure,True
4000,7375060000,2.739478404478529,9138708600,2.765330075974728,finite closure,True
4096,8551535876,2.749461367390499,9674630832,2.7642966221186462,finite closure,True
4394,8551535876,2.7264413067418505,11942146440,2.766255702094396,finite closure,True
5324,15457917986,2.7344337293493526,20615406912,2.767990606580848,finite closure,True
5488,15457917986,2.7247987836941037,22304879040,2.767385367917459,finite closure,True
6750,26925869925,2.7237770524891407,39862671360,2.76827512990569,finite closure,True
6912,31356937728,2.7337023253113855,41609393232,2.7656998302305382,finite closure,True
8192,45396314240,2.7232197013598216,67569829824,2.7673584746569975,finite closure,True
9826,74352484826,2.723013418095116,113030988624,2.7685757610524897,finite closure,True
10976,108205425902,2.730949561521638,153520086768,2.768548440434887,finite closure,True
11664,118666894266,2.7230747025390754,180728487324,2.767998205794407,finite closure,True
13500,185035102571,2.7279282393930693,259014642480,2.7632934662909783,finite closure,True
13718,185035102571,2.7233411123095688,268666558776,2.7624873786401176,finite closure,True
16000,282511644200,2.7237653539752626,407699122248,2.761657570274238,finite closure,True
16384,317774199680,2.7292293599810917,450878107733,2.7652818932686936,finite closure,True
32768,2179023083520,2.7324545745599225,2861473623373,2.7586596964702594,specific published construction,True
65536,14507078850188,2.7326138925419823,19818207251458,2.760743231015079,specific published construction,True
524288,3562053602135175,2.7190331920911097,6166506656863740,2.7607039396500848,specific published construction,True
1048576,23851717467392934,2.7202471335452887,40624341031026481,2.7586596964702594,specific published construction,True
8388608,6706435549142150135,2.7191413865177667,13454612405600284800,2.76281454930128,specific published construction,True
16777216,39781327722167699383,2.7128635512716777,87545895007494516780,2.7602780556542883,specific published construction,True
536870912,390821774252911273874842,2.7024433458723447,1290175812634309360843409,2.761856619062607,specific published construction,True
5873299070,237674020365443824643488557,2.6999999999865785,996447131693360703818277984,2.7637199365626963,specific published construction,True
5905580032,237674020365443824643488557,2.6993422346550937,996447131693360703818277984,2.7630466479848397,specific published construction,True
13468840704,2162272334177007487103296378,2.6985901147733276,12112574214793366993429856256,2.7724672659161125,specific published construction,True
